ticker,exchange,side,quantity,account,orderType,limit,broker,strategy
STZ,US,SS,14,21386427-4,MKT,,BMTB,SOR
OXY,US,B,6,21386427-3,MKT,,BMTB,SOR
OXM,US,SS,5,21386427-4,MKT,,BMTB,SOR
EA,US,B,18,21386427-3,MKT,,BMTB,SOR
GILD,US,B,4,21386427-3,MKT,,BMTB,SOR
CMA,US,B,27,21386427-3,MKT,,BMTB,SOR
SRPT,US,B,2,21386427-3,MKT,,BMTB,SOR
PRU,US,B,20,21386427-3,MKT,,BMTB,SOR
DVN,US,B,9,21386427-3,MKT,,BMTB,SOR
CDXS,US,SS,11,21386427-4,MKT,,BMTB,SOR
CL,US,B,4,21386427-3,MKT,,BMTB,SOR
CCO,US,B,1,21386427-3,MKT,,BMTB,SOR
DNKN,US,SS,11,21386427-4,MKT,,BMTB,SOR
PTCT,US,B,1,21386427-3,MKT,,BMTB,SOR
GME,US,SS,39,21386427-4,MKT,,BMTB,SOR
UTHR,US,SS,10,21386427-4,MKT,,BMTB,SOR
HZO,US,SS,6,21386427-4,MKT,,BMTB,SOR
FORR,US,SS,1,21386427-4,MKT,,BMTB,SOR
EBIX,US,SS,8,21386427-4,MKT,,BMTB,SOR
GRUB,US,SS,55,21386427-4,MKT,,BMTB,SOR
NEM,US,SS,59,21386427-4,MKT,,BMTB,SOR
OLLI,US,SS,49,21386427-4,MKT,,BMTB,SOR
MRO,US,B,21,21386427-3,MKT,,BMTB,SOR
KR,US,SS,91,21386427-4,MKT,,BMTB,SOR
HRTX,US,SS,18,21386427-4,MKT,,BMTB,SOR
SLB,US,B,6,21386427-3,MKT,,BMTB,SOR
COUP,US,B,1,21386427-3,MKT,,BMTB,SOR
INCY,US,SS,2,21386427-4,MKT,,BMTB,SOR
QRVO,US,SS,32,21386427-4,MKT,,BMTB,SOR
CVX,US,B,2,21386427-3,MKT,,BMTB,SOR
GPS,US,B,9,21386427-3,MKT,,BMTB,SOR
DXC,US,B,6,21386427-3,MKT,,BMTB,SOR
MYGN,US,SS,28,21386427-4,MKT,,BMTB,SOR
TSCO,US,B,3,21386427-3,MKT,,BMTB,SOR
COST,US,B,1,21386427-3,MKT,,BMTB,SOR
PPG,US,SS,25,21386427-4,MKT,,BMTB,SOR
JWN,US,SS,74,21386427-4,MKT,,BMTB,SOR
UPS,US,B,2,21386427-3,MKT,,BMTB,SOR
EL,US,B,1,21386427-3,MKT,,BMTB,SOR
URBN,US,SS,50,21386427-4,MKT,,BMTB,SOR
VZ,US,SS,39,21386427-4,MKT,,BMTB,SOR
FUL,US,SS,8,21386427-4,MKT,,BMTB,SOR
CWST,US,SS,11,21386427-4,MKT,,BMTB,SOR
T,US,B,7,21386427-3,MKT,,BMTB,SOR
DISH,US,SS,25,21386427-4,MKT,,BMTB,SOR
TRUP,US,SS,7,21386427-4,MKT,,BMTB,SOR
XON,US,B,1,21386427-3,MKT,,BMTB,SOR
AMT,US,SS,13,21386427-4,MKT,,BMTB,SOR
GDDY,US,B,5,21386427-3,MKT,,BMTB,SOR
DELL,US,B,4,21386427-3,MKT,,BMTB,SOR
HUM,US,B,6,21386427-3,MKT,,BMTB,SOR
STT,US,B,5,21386427-3,MKT,,BMTB,SOR
ICPT,US,SS,12,21386427-4,MKT,,BMTB,SOR
LRN,US,SS,9,21386427-4,MKT,,BMTB,SOR
FGEN,US,SS,16,21386427-4,MKT,,BMTB,SOR
AVY,US,SS,14,21386427-4,MKT,,BMTB,SOR
NBL,US,B,11,21386427-3,MKT,,BMTB,SOR
NCLH,US,SS,1,21386427-4,MKT,,BMTB,SOR
CNC,US,SS,66,21386427-4,MKT,,BMTB,SOR
BBX,US,SS,4,21386427-4,MKT,,BMTB,SOR
BMRN,US,SS,25,21386427-4,MKT,,BMTB,SOR
ENTA,US,SS,7,21386427-4,MKT,,BMTB,SOR
USB,US,SS,53,21386427-4,MKT,,BMTB,SOR
SIRI,US,B,45,21386427-3,MKT,,BMTB,SOR
CTSH,US,B,4,21386427-3,MKT,,BMTB,SOR
AIZ,US,SS,13,21386427-4,MKT,,BMTB,SOR
EOG,US,B,2,21386427-3,MKT,,BMTB,SOR
OPTN,US,SS,5,21386427-4,MKT,,BMTB,SOR
SGMS,US,SS,1,21386427-4,MKT,,BMTB,SOR
MTCH,US,SS,42,21386427-4,MKT,,BMTB,SOR
MAT,US,SS,104,21386427-4,MKT,,BMTB,SOR
ALGN,US,B,1,21386427-3,MKT,,BMTB,SOR
CHD,US,SS,40,21386427-4,MKT,,BMTB,SOR
DPZ,US,B,1,21386427-3,MKT,,BMTB,SOR
ANTM,US,B,1,21386427-3,MKT,,BMTB,SOR
APA,US,B,10,21386427-3,MKT,,BMTB,SOR
HPE,US,SS,103,21386427-4,MKT,,BMTB,SOR
K,US,SS,36,21386427-4,MKT,,BMTB,SOR
HAL,US,B,12,21386427-3,MKT,,BMTB,SOR
BHVN,US,SS,21,21386427-4,MKT,,BMTB,SOR
CTL,US,SS,233,21386427-4,MKT,,BMTB,SOR
TSN,US,SS,27,21386427-4,MKT,,BMTB,SOR
MMM,US,B,1,21386427-3,MKT,,BMTB,SOR
LCI,US,SS,27,21386427-4,MKT,,BMTB,SOR
JPM,US,B,2,21386427-3,MKT,,BMTB,SOR
ATHX,US,B,1,21386427-3,MKT,,BMTB,SOR
COP,US,B,5,21386427-3,MKT,,BMTB,SOR
IONS,US,SS,12,21386427-4,MKT,,BMTB,SOR
TIF,US,B,3,21386427-3,MKT,,BMTB,SOR
MTB,US,SS,5,21386427-4,MKT,,BMTB,SOR
REGN,US,B,1,21386427-3,MKT,,BMTB,SOR
CNTY,US,SS,2,21386427-4,MKT,,BMTB,SOR
TGNA,US,SS,46,21386427-4,MKT,,BMTB,SOR
HCA,US,B,2,21386427-3,MKT,,BMTB,SOR
CPRT,US,SS,36,21386427-4,MKT,,BMTB,SOR
SCOR,US,SS,2,21386427-4,MKT,,BMTB,SOR
HIG,US,SS,36,21386427-4,MKT,,BMTB,SOR
SRCL,US,SS,1,21386427-4,MKT,,BMTB,SOR
TGT,US,SS,28,21386427-4,MKT,,BMTB,SOR
TNDM,US,B,4,21386427-3,MKT,,BMTB,SOR
UNH,US,B,1,21386427-3,MKT,,BMTB,SOR
NYT,US,B,2,21386427-3,MKT,,BMTB,SOR
CISN,US,SS,13,21386427-4,MKT,,BMTB,SOR
ADSK,US,SS,20,21386427-4,MKT,,BMTB,SOR
FIT,US,SS,5,21386427-4,MKT,,BMTB,SOR
MET,US,B,5,21386427-3,MKT,,BMTB,SOR
LUV,US,SS,27,21386427-4,MKT,,BMTB,SOR
BIIB,US,B,1,21386427-3,MKT,,BMTB,SOR
ERI,US,SS,39,21386427-4,MKT,,BMTB,SOR
AOBC,US,B,2,21386427-3,MKT,,BMTB,SOR
HDS,US,SS,38,21386427-4,MKT,,BMTB,SOR
TMO,US,B,1,21386427-3,MKT,,BMTB,SOR
XOM,US,B,3,21386427-3,MKT,,BMTB,SOR
RL,US,SS,32,21386427-4,MKT,,BMTB,SOR
OCUL,US,SS,17,21386427-4,MKT,,BMTB,SOR
JNJ,US,B,2,21386427-3,MKT,,BMTB,SOR
ODP,US,SS,15,21386427-4,MKT,,BMTB,SOR
TJX,US,B,5,21386427-3,MKT,,BMTB,SOR
SCS,US,SS,41,21386427-4,MKT,,BMTB,SOR
NTRA,US,SS,18,21386427-4,MKT,,BMTB,SOR
EIX,US,B,4,21386427-3,MKT,,BMTB,SOR
UNP,US,B,1,21386427-3,MKT,,BMTB,SOR
DRI,US,B,2,21386427-3,MKT,,BMTB,SOR
JBLU,US,SS,177,21386427-4,MKT,,BMTB,SOR
CSCO,US,B,5,21386427-3,MKT,,BMTB,SOR
D,US,SS,18,21386427-4,MKT,,BMTB,SOR
CVA,US,SS,18,21386427-4,MKT,,BMTB,SOR
COF,US,B,19,21386427-3,MKT,,BMTB,SOR
BOOT,US,SS,17,21386427-4,MKT,,BMTB,SOR
AMGN,US,SS,12,21386427-4,MKT,,BMTB,SOR
GSAT,US,B,3,21386427-3,MKT,,BMTB,SOR
HRB,US,SS,68,21386427-4,MKT,,BMTB,SOR
PNC,US,B,2,21386427-3,MKT,,BMTB,SOR
KMX,US,B,3,21386427-3,MKT,,BMTB,SOR
AIG,US,B,4,21386427-3,MKT,,BMTB,SOR
KSS,US,B,5,21386427-3,MKT,,BMTB,SOR
PM,US,SS,40,21386427-4,MKT,,BMTB,SOR
LH,US,SS,8,21386427-4,MKT,,BMTB,SOR
VHC,US,B,1,21386427-3,MKT,,BMTB,SOR
FMC,US,B,3,21386427-3,MKT,,BMTB,SOR
IAC,US,B,8,21386427-3,MKT,,BMTB,SOR
ULTA,US,SS,12,21386427-4,MKT,,BMTB,SOR
EMR,US,SS,46,21386427-4,MKT,,BMTB,SOR
ADS,US,B,10,21386427-3,MKT,,BMTB,SOR
PRTY,US,SS,2,21386427-4,MKT,,BMTB,SOR
KMI,US,B,12,21386427-3,MKT,,BMTB,SOR
FB,US,B,2,21386427-3,MKT,,BMTB,SOR
SWX,US,SS,5,21386427-4,MKT,,BMTB,SOR
OMC,US,SS,30,21386427-4,MKT,,BMTB,SOR
MO,US,B,6,21386427-3,MKT,,BMTB,SOR
CVS,US,B,4,21386427-3,MKT,,BMTB,SOR
CCL,US,B,2,21386427-3,MKT,,BMTB,SOR
AMC,US,SS,33,21386427-4,MKT,,BMTB,SOR
MMC,US,B,18,21386427-3,MKT,,BMTB,SOR
VG,US,SS,50,21386427-4,MKT,,BMTB,SOR
DUK,US,SS,25,21386427-4,MKT,,BMTB,SOR
LMNX,US,SS,5,21386427-4,MKT,,BMTB,SOR
SEAS,US,SS,40,21386427-4,MKT,,BMTB,SOR
RSG,US,B,14,21386427-3,MKT,,BMTB,SOR
INVA,US,SS,10,21386427-4,MKT,,BMTB,SOR
BBY,US,B,4,21386427-3,MKT,,BMTB,SOR
M,US,B,16,21386427-3,MKT,,BMTB,SOR
CASS,US,SS,1,21386427-4,MKT,,BMTB,SOR
DIS,US,B,2,21386427-3,MKT,,BMTB,SOR
CMCSA,US,B,5,21386427-3,MKT,,BMTB,SOR
DE,US,B,1,21386427-3,MKT,,BMTB,SOR
LB,US,SS,128,21386427-4,MKT,,BMTB,SOR
AEP,US,SS,15,21386427-4,MKT,,BMTB,SOR
HSY,US,B,2,21386427-3,MKT,,BMTB,SOR
DOVA,US,SS,5,21386427-4,MKT,,BMTB,SOR
MCO,US,B,14,21386427-3,MKT,,BMTB,SOR
HLT,US,BS,35,21386427-4,MKT,,BMTB,SOR
HLT,US,B,32,21386427-3,MKT,,BMTB,SOR
CDNS,US,BS,50,21386427-4,MKT,,BMTB,SOR
CDNS,US,B,45,21386427-3,MKT,,BMTB,SOR
RNST,US,B,4,21386427-3,MKT,,BMTB,SOR
MEDP,US,B,8,21386427-3,MKT,,BMTB,SOR
CCS,US,BS,11,21386427-4,MKT,,BMTB,SOR
CCS,US,B,11,21386427-3,MKT,,BMTB,SOR
OCFC,US,B,5,21386427-3,MKT,,BMTB,SOR
UCBI,US,B,8,21386427-3,MKT,,BMTB,SOR
NWBI,US,BS,13,21386427-4,MKT,,BMTB,SOR
NWBI,US,B,13,21386427-3,MKT,,BMTB,SOR
CBTX,US,B,1,21386427-3,MKT,,BMTB,SOR
BR,US,BS,13,21386427-4,MKT,,BMTB,SOR
BR,US,B,13,21386427-3,MKT,,BMTB,SOR
HLI,US,B,6,21386427-3,MKT,,BMTB,SOR
EPAM,US,BS,7,21386427-4,MKT,,BMTB,SOR
EPAM,US,B,6,21386427-3,MKT,,BMTB,SOR
THO,US,B,22,21386427-3,MKT,,BMTB,SOR
APH,US,BS,31,21386427-4,MKT,,BMTB,SOR
APH,US,B,29,21386427-3,MKT,,BMTB,SOR
RDN,US,BS,35,21386427-4,MKT,,BMTB,SOR
RDN,US,B,35,21386427-3,MKT,,BMTB,SOR
PLD,US,BS,38,21386427-4,MKT,,BMTB,SOR
PLD,US,B,34,21386427-3,MKT,,BMTB,SOR
FSP,US,B,7,21386427-3,MKT,,BMTB,SOR
SLAB,US,BS,8,21386427-4,MKT,,BMTB,SOR
SLAB,US,B,8,21386427-3,MKT,,BMTB,SOR
UMBF,US,BS,4,21386427-4,MKT,,BMTB,SOR
UMBF,US,B,4,21386427-3,MKT,,BMTB,SOR
BAH,US,BS,32,21386427-4,MKT,,BMTB,SOR
BAH,US,B,30,21386427-3,MKT,,BMTB,SOR
DRE,US,BS,54,21386427-4,MKT,,BMTB,SOR
DRE,US,B,55,21386427-3,MKT,,BMTB,SOR
WWD,US,B,5,21386427-3,MKT,,BMTB,SOR
HASI,US,BS,6,21386427-4,MKT,,BMTB,SOR
HASI,US,B,6,21386427-3,MKT,,BMTB,SOR
TXN,US,BS,25,21386427-4,MKT,,BMTB,SOR
TXN,US,B,23,21386427-3,MKT,,BMTB,SOR
ETM,US,BS,32,21386427-4,MKT,,BMTB,SOR
ETM,US,B,31,21386427-3,MKT,,BMTB,SOR
ABR,US,BS,35,21386427-4,MKT,,BMTB,SOR
ABR,US,B,34,21386427-3,MKT,,BMTB,SOR
BDX,US,BS,12,21386427-4,MKT,,BMTB,SOR
BDX,US,B,11,21386427-3,MKT,,BMTB,SOR
WHR,US,BS,19,21386427-4,MKT,,BMTB,SOR
WHR,US,B,18,21386427-3,MKT,,BMTB,SOR
HPP,US,BS,18,21386427-4,MKT,,BMTB,SOR
HPP,US,B,17,21386427-3,MKT,,BMTB,SOR
KBR,US,BS,24,21386427-4,MKT,,BMTB,SOR
KBR,US,B,24,21386427-3,MKT,,BMTB,SOR
TDY,US,BS,4,21386427-4,MKT,,BMTB,SOR
TDY,US,B,4,21386427-3,MKT,,BMTB,SOR
ARW,US,B,12,21386427-3,MKT,,BMTB,SOR
ARNC,US,BS,90,21386427-4,MKT,,BMTB,SOR
ARNC,US,B,88,21386427-3,MKT,,BMTB,SOR
PFPT,US,BS,18,21386427-4,MKT,,BMTB,SOR
PFPT,US,B,17,21386427-3,MKT,,BMTB,SOR
CLGX,US,B,9,21386427-3,MKT,,BMTB,SOR
GPK,US,BS,82,21386427-4,MKT,,BMTB,SOR
GPK,US,B,84,21386427-3,MKT,,BMTB,SOR
MRCY,US,BS,8,21386427-4,MKT,,BMTB,SOR
MRCY,US,B,8,21386427-3,MKT,,BMTB,SOR
BAX,US,B,34,21386427-3,MKT,,BMTB,SOR
INVH,US,BS,22,21386427-4,MKT,,BMTB,SOR
INVH,US,B,101,21386427-3,MKT,,BMTB,SOR
CINF,US,B,13,21386427-3,MKT,,BMTB,SOR
HHC,US,B,3,21386427-3,MKT,,BMTB,SOR
ARMK,US,B,25,21386427-3,MKT,,BMTB,SOR
PB,US,B,8,21386427-3,MKT,,BMTB,SOR
HGV,US,B,20,21386427-3,MKT,,BMTB,SOR
CAR,US,B,20,21386427-3,MKT,,BMTB,SOR
AFG,US,B,6,21386427-3,MKT,,BMTB,SOR
MLR,US,B,2,21386427-3,MKT,,BMTB,SOR
STMP,US,BS,13,21386427-4,MKT,,BMTB,SOR
STMP,US,B,12,21386427-3,MKT,,BMTB,SOR
SASR,US,BS,4,21386427-4,MKT,,BMTB,SOR
SASR,US,B,3,21386427-3,MKT,,BMTB,SOR
NAVI,US,B,30,21386427-3,MKT,,BMTB,SOR
FLIR,US,BS,20,21386427-4,MKT,,BMTB,SOR
FLIR,US,B,19,21386427-3,MKT,,BMTB,SOR
HAS,US,BS,21,21386427-4,MKT,,BMTB,SOR
HAS,US,B,20,21386427-3,MKT,,BMTB,SOR
PAYX,US,BS,40,21386427-4,MKT,,BMTB,SOR
PAYX,US,B,36,21386427-3,MKT,,BMTB,SOR
DHR,US,BS,22,21386427-4,MKT,,BMTB,SOR
DHR,US,B,20,21386427-3,MKT,,BMTB,SOR
EVC,US,BS,7,21386427-4,MKT,,BMTB,SOR
EVC,US,B,6,21386427-3,MKT,,BMTB,SOR
HURN,US,BS,2,21386427-4,MKT,,BMTB,SOR
HURN,US,B,2,21386427-3,MKT,,BMTB,SOR
OPB,US,BS,1,21386427-4,MKT,,BMTB,SOR
OPB,US,B,1,21386427-3,MKT,,BMTB,SOR
VLY,US,B,62,21386427-3,MKT,,BMTB,SOR
DGX,US,B,21,21386427-3,MKT,,BMTB,SOR
PG,US,BS,26,21386427-4,MKT,,BMTB,SOR
PG,US,B,24,21386427-3,MKT,,BMTB,SOR
BXMT,US,BS,25,21386427-4,MKT,,BMTB,SOR
BXMT,US,B,24,21386427-3,MKT,,BMTB,SOR
FRC,US,B,24,21386427-3,MKT,,BMTB,SOR
EQR,US,BS,38,21386427-4,MKT,,BMTB,SOR
EQR,US,B,34,21386427-3,MKT,,BMTB,SOR
CRAI,US,BS,1,21386427-4,MKT,,BMTB,SOR
CRAI,US,B,1,21386427-3,MKT,,BMTB,SOR
JEC,US,BS,21,21386427-4,MKT,,BMTB,SOR
JEC,US,B,20,21386427-3,MKT,,BMTB,SOR
CIT,US,B,8,21386427-3,MKT,,BMTB,SOR
GVA,US,BS,17,21386427-4,MKT,,BMTB,SOR
GVA,US,B,17,21386427-3,MKT,,BMTB,SOR
CMI,US,BS,20,21386427-4,MKT,,BMTB,SOR
CMI,US,B,18,21386427-3,MKT,,BMTB,SOR
ICE,US,BS,35,21386427-4,MKT,,BMTB,SOR
ICE,US,B,31,21386427-3,MKT,,BMTB,SOR
CME,US,BS,15,21386427-4,MKT,,BMTB,SOR
CME,US,B,13,21386427-3,MKT,,BMTB,SOR
CAC,US,BS,1,21386427-4,MKT,,BMTB,SOR
CAC,US,B,1,21386427-3,MKT,,BMTB,SOR
UIS,US,BS,23,21386427-4,MKT,,BMTB,SOR
UIS,US,B,22,21386427-3,MKT,,BMTB,SOR
TRU,US,BS,17,21386427-4,MKT,,BMTB,SOR
TRU,US,B,17,21386427-3,MKT,,BMTB,SOR
IRM,US,B,86,21386427-3,MKT,,BMTB,SOR
PJC,US,BS,1,21386427-4,MKT,,BMTB,SOR
PJC,US,B,1,21386427-3,MKT,,BMTB,SOR
VSAT,US,BS,6,21386427-4,MKT,,BMTB,SOR
VSAT,US,B,6,21386427-3,MKT,,BMTB,SOR
BRO,US,BS,23,21386427-4,MKT,,BMTB,SOR
BRO,US,B,23,21386427-3,MKT,,BMTB,SOR
DGICA,US,B,1,21386427-3,MKT,,BMTB,SOR
GLW,US,BS,118,21386427-4,MKT,,BMTB,SOR
GLW,US,B,106,21386427-3,MKT,,BMTB,SOR
CGNX,US,B,18,21386427-3,MKT,,BMTB,SOR
CRI,US,B,13,21386427-3,MKT,,BMTB,SOR
AFL,US,BS,62,21386427-4,MKT,,BMTB,SOR
AFL,US,B,57,21386427-3,MKT,,BMTB,SOR
FISI,US,BS,1,21386427-4,MKT,,BMTB,SOR
FISI,US,B,1,21386427-3,MKT,,BMTB,SOR
BEAT,US,BS,7,21386427-4,MKT,,BMTB,SOR
BEAT,US,B,7,21386427-3,MKT,,BMTB,SOR
ITRI,US,BS,9,21386427-4,MKT,,BMTB,SOR
ITRI,US,B,9,21386427-3,MKT,,BMTB,SOR
WELL,US,BS,36,21386427-4,MKT,,BMTB,SOR
WELL,US,B,33,21386427-3,MKT,,BMTB,SOR
KO,US,BS,11,21386427-4,MKT,,BMTB,SOR
KO,US,B,54,21386427-3,MKT,,BMTB,SOR
GATX,US,BS,6,21386427-4,MKT,,BMTB,SOR
GATX,US,B,5,21386427-3,MKT,,BMTB,SOR
RHI,US,BS,14,21386427-4,MKT,,BMTB,SOR
RHI,US,B,14,21386427-3,MKT,,BMTB,SOR
WPC,US,BS,7,21386427-4,MKT,,BMTB,SOR
WPC,US,B,15,21386427-3,MKT,,BMTB,SOR
SYK,US,BS,15,21386427-4,MKT,,BMTB,SOR
SYK,US,B,13,21386427-3,MKT,,BMTB,SOR
AVT,US,BS,13,21386427-4,MKT,,BMTB,SOR
AVT,US,B,13,21386427-3,MKT,,BMTB,SOR
FII,US,B,15,21386427-3,MKT,,BMTB,SOR
SCHL,US,BS,10,21386427-4,MKT,,BMTB,SOR
SCHL,US,B,9,21386427-3,MKT,,BMTB,SOR
QLYS,US,BS,10,21386427-4,MKT,,BMTB,SOR
QLYS,US,B,9,21386427-3,MKT,,BMTB,SOR
CERN,US,BS,43,21386427-4,MKT,,BMTB,SOR
CERN,US,B,42,21386427-3,MKT,,BMTB,SOR
ABBV,US,B,40,21386427-3,MKT,,BMTB,SOR
VST,US,BS,65,21386427-4,MKT,,BMTB,SOR
VST,US,B,65,21386427-3,MKT,,BMTB,SOR
YELP,US,BS,42,21386427-4,MKT,,BMTB,SOR
YELP,US,B,40,21386427-3,MKT,,BMTB,SOR
CLAR,US,B,2,21386427-3,MKT,,BMTB,SOR
CCMP,US,BS,6,21386427-4,MKT,,BMTB,SOR
CCMP,US,B,6,21386427-3,MKT,,BMTB,SOR
SHW,US,BS,6,21386427-4,MKT,,BMTB,SOR
SHW,US,B,5,21386427-3,MKT,,BMTB,SOR
FNB,US,B,51,21386427-3,MKT,,BMTB,SOR
NMIH,US,B,10,21386427-3,MKT,,BMTB,SOR
ABT,US,BS,39,21386427-4,MKT,,BMTB,SOR
ABT,US,B,35,21386427-3,MKT,,BMTB,SOR
SON,US,B,1,21386427-3,MKT,,BMTB,SOR
KBH,US,SS,2,21386427-4,MKT,,BMTB,SOR
PYPL,US,B,4,21386427-3,MKT,,BMTB,SOR
AVGO,US,B,2,21386427-3,MKT,,BMTB,SOR
FMBI,US,SS,15,21386427-4,MKT,,BMTB,SOR
IVZ,US,B,3,21386427-3,MKT,,BMTB,SOR
MSCI,US,B,1,21386427-3,MKT,,BMTB,SOR
XYL,US,SS,18,21386427-4,MKT,,BMTB,SOR
SWK,US,B,2,21386427-3,MKT,,BMTB,SOR
SKY,US,SS,10,21386427-4,MKT,,BMTB,SOR
CSX,US,SS,43,21386427-4,MKT,,BMTB,SOR
ZNGA,US,B,48,21386427-3,MKT,,BMTB,SOR
AEGN,US,SS,2,21386427-4,MKT,,BMTB,SOR
ALL,US,B,3,21386427-3,MKT,,BMTB,SOR
KEYS,US,B,3,21386427-3,MKT,,BMTB,SOR
GT,US,SS,98,21386427-4,MKT,,BMTB,SOR
CBRE,US,B,1,21386427-3,MKT,,BMTB,SOR
KNX,US,B,3,21386427-3,MKT,,BMTB,SOR
SPGI,US,B,2,21386427-3,MKT,,BMTB,SOR
PEP,US,B,2,21386427-3,MKT,,BMTB,SOR
CTAS,US,SS,9,21386427-4,MKT,,BMTB,SOR
KNSL,US,SS,4,21386427-4,MKT,,BMTB,SOR
INTU,US,SS,11,21386427-4,MKT,,BMTB,SOR
BLK,US,B,1,21386427-3,MKT,,BMTB,SOR
EXC,US,B,6,21386427-3,MKT,,BMTB,SOR
MLM,US,SS,11,21386427-4,MKT,,BMTB,SOR
AXE,US,B,1,21386427-3,MKT,,BMTB,SOR
WDC,US,B,6,21386427-3,MKT,,BMTB,SOR
SAIC,US,B,1,21386427-3,MKT,,BMTB,SOR
HMSY,US,SS,14,21386427-4,MKT,,BMTB,SOR
MBWM,US,SS,4,21386427-4,MKT,,BMTB,SOR
MRK,US,B,4,21386427-3,MKT,,BMTB,SOR
MINI,US,SS,7,21386427-4,MKT,,BMTB,SOR
KMB,US,SS,17,21386427-4,MKT,,BMTB,SOR
CBOE,US,B,1,21386427-3,MKT,,BMTB,SOR
IRBT,US,B,1,21386427-3,MKT,,BMTB,SOR
ARI,US,B,1,21386427-3,MKT,,BMTB,SOR
FISV,US,B,3,21386427-3,MKT,,BMTB,SOR
HUN,US,B,2,21386427-3,MKT,,BMTB,SOR
BBT,US,SS,56,21386427-4,MKT,,BMTB,SOR
FOSL,US,SS,51,21386427-4,MKT,,BMTB,SOR
CRM,US,B,2,21386427-3,MKT,,BMTB,SOR
ZEN,US,B,5,21386427-3,MKT,,BMTB,SOR
RMBS,US,B,1,21386427-3,MKT,,BMTB,SOR
INTC,US,B,7,21386427-3,MKT,,BMTB,SOR
FEYE,US,B,3,21386427-3,MKT,,BMTB,SOR
BAC,US,B,10,21386427-3,MKT,,BMTB,SOR
HSC,US,B,1,21386427-3,MKT,,BMTB,SOR
BK,US,B,6,21386427-3,MKT,,BMTB,SOR
JBL,US,SS,42,21386427-4,MKT,,BMTB,SOR
WSBC,US,SS,5,21386427-4,MKT,,BMTB,SOR
MDCO,US,B,6,21386427-3,MKT,,BMTB,SOR
TTD,US,B,2,21386427-3,MKT,,BMTB,SOR
NVDA,US,B,2,21386427-3,MKT,,BMTB,SOR
SNX,US,SS,15,21386427-4,MKT,,BMTB,SOR
TOL,US,SS,43,21386427-4,MKT,,BMTB,SOR
AMTD,US,B,1,21386427-3,MKT,,BMTB,SOR
BMY,US,B,6,21386427-3,MKT,,BMTB,SOR
ALLY,US,SS,83,21386427-4,MKT,,BMTB,SOR
ED,US,SS,25,21386427-4,MKT,,BMTB,SOR
SYF,US,B,9,21386427-3,MKT,,BMTB,SOR
XLNX,US,B,4,21386427-3,MKT,,BMTB,SOR
MA,US,B,2,21386427-3,MKT,,BMTB,SOR
TAP,US,SS,31,21386427-4,MKT,,BMTB,SOR
QCOM,US,B,5,21386427-3,MKT,,BMTB,SOR
FTNT,US,SS,37,21386427-4,MKT,,BMTB,SOR
PSTG,US,B,3,21386427-3,MKT,,BMTB,SOR
GBX,US,SS,13,21386427-4,MKT,,BMTB,SOR
CAG,US,SS,99,21386427-4,MKT,,BMTB,SOR
KEY,US,B,17,21386427-3,MKT,,BMTB,SOR
LORL,US,SS,1,21386427-4,MKT,,BMTB,SOR
AXP,US,B,2,21386427-3,MKT,,BMTB,SOR
CMG,US,B,1,21386427-3,MKT,,BMTB,SOR
EXEL,US,SS,62,21386427-4,MKT,,BMTB,SOR
TMUS,US,B,4,21386427-3,MKT,,BMTB,SOR
ECL,US,SS,15,21386427-4,MKT,,BMTB,SOR
NRG,US,B,2,21386427-3,MKT,,BMTB,SOR
EXPE,US,B,2,21386427-3,MKT,,BMTB,SOR
AZO,US,B,1,21386427-3,MKT,,BMTB,SOR
SLM,US,B,2,21386427-3,MKT,,BMTB,SOR
NCR,US,B,1,21386427-3,MKT,,BMTB,SOR
WDAY,US,B,2,21386427-3,MKT,,BMTB,SOR
LDOS,US,B,1,21386427-3,MKT,,BMTB,SOR
V,US,B,1,21386427-3,MKT,,BMTB,SOR
IBM,US,B,2,21386427-3,MKT,,BMTB,SOR
MCD,US,B,2,21386427-3,MKT,,BMTB,SOR
AWR,US,B,1,21386427-3,MKT,,BMTB,SOR
NI,US,B,1,21386427-3,MKT,,BMTB,SOR
BSX,US,B,7,21386427-3,MKT,,BMTB,SOR
NOV,US,B,14,21386427-3,MKT,,BMTB,SOR
EXPI,US,SS,3,21386427-4,MKT,,BMTB,SOR
LAZ,US,SS,1,21386427-4,MKT,,BMTB,SOR
CWT,US,SS,5,21386427-4,MKT,,BMTB,SOR
SBUX,US,B,3,21386427-3,MKT,,BMTB,SOR
XRAY,US,SS,32,21386427-4,MKT,,BMTB,SOR
HUBS,US,B,2,21386427-3,MKT,,BMTB,SOR
SYNA,US,SS,17,21386427-4,MKT,,BMTB,SOR
CHRW,US,B,1,21386427-3,MKT,,BMTB,SOR
SNAP,US,B,19,21386427-3,MKT,,BMTB,SOR
FE,US,SS,61,21386427-4,MKT,,BMTB,SOR
ZAGG,US,SS,22,21386427-4,MKT,,BMTB,SOR
WMT,US,B,2,21386427-3,MKT,,BMTB,SOR
HRL,US,SS,44,21386427-4,MKT,,BMTB,SOR
HD,US,B,1,21386427-3,MKT,,BMTB,SOR
KFY,US,SS,18,21386427-4,MKT,,BMTB,SOR
PZZA,US,SS,53,21386427-4,MKT,,BMTB,SOR
TWLO,US,B,4,21386427-3,MKT,,BMTB,SOR
MU,US,B,7,21386427-3,MKT,,BMTB,SOR
KFRC,US,SS,2,21386427-4,MKT,,BMTB,SOR
PODD,US,B,1,21386427-3,MKT,,BMTB,SOR
ADBE,US,B,2,21386427-3,MKT,,BMTB,SOR
KKR,US,B,1,21386427-3,MKT,,BMTB,SOR
BXP,US,SS,21,21386427-4,MKT,,BMTB,SOR
GLUU,US,SS,105,21386427-4,MKT,,BMTB,SOR
VLO,US,B,4,21386427-3,MKT,,BMTB,SOR
SAIA,US,SS,7,21386427-4,MKT,,BMTB,SOR
GD,US,B,1,21386427-3,MKT,,BMTB,SOR
DAL,US,B,5,21386427-3,MKT,,BMTB,SOR
MS,US,B,7,21386427-3,MKT,,BMTB,SOR
VEEV,US,B,2,21386427-3,MKT,,BMTB,SOR
DTE,US,SS,22,21386427-4,MKT,,BMTB,SOR
PFE,US,B,9,21386427-3,MKT,,BMTB,SOR
MATW,US,SS,3,21386427-4,MKT,,BMTB,SOR
GM,US,B,9,21386427-3,MKT,,BMTB,SOR
WYNN,US,B,3,21386427-3,MKT,,BMTB,SOR
HEAR,US,SS,1,21386427-4,MKT,,BMTB,SOR
KHC,US,B,10,21386427-3,MKT,,BMTB,SOR
BL,US,SS,16,21386427-4,MKT,,BMTB,SOR
ATVI,US,B,6,21386427-3,MKT,,BMTB,SOR
AAPL,US,B,1,21386427-3,MKT,,BMTB,SOR
TTWO,US,SS,18,21386427-4,MKT,,BMTB,SOR
NOC,US,B,1,21386427-3,MKT,,BMTB,SOR
CMTL,US,SS,5,21386427-4,MKT,,BMTB,SOR
GS,US,B,1,21386427-3,MKT,,BMTB,SOR
LMT,US,B,1,21386427-3,MKT,,BMTB,SOR
ALNY,US,B,1,21386427-3,MKT,,BMTB,SOR
EBAY,US,B,8,21386427-3,MKT,,BMTB,SOR
RMAX,US,SS,2,21386427-4,MKT,,BMTB,SOR
W,US,SS,25,21386427-4,MKT,,BMTB,SOR
DMRC,US,SS,1,21386427-4,MKT,,BMTB,SOR
EFX,US,SS,1,21386427-4,MKT,,BMTB,SOR
NTGR,US,B,1,21386427-3,MKT,,BMTB,SOR
PANW,US,B,1,21386427-3,MKT,,BMTB,SOR
SNPS,US,B,3,21386427-3,MKT,,BMTB,SOR
NFLX,US,B,1,21386427-3,MKT,,BMTB,SOR
UTX,US,B,3,21386427-3,MKT,,BMTB,SOR
MSFT,US,B,2,21386427-3,MKT,,BMTB,SOR
BA,US,SS,7,21386427-4,MKT,,BMTB,SOR
TXMD,US,SS,98,21386427-4,MKT,,BMTB,SOR
F,US,B,32,21386427-3,MKT,,BMTB,SOR
TWTR,US,B,8,21386427-3,MKT,,BMTB,SOR
X,US,B,33,21386427-3,MKT,,BMTB,SOR
SSP,US,B,1,21386427-3,MKT,,BMTB,SOR
SYMC,US,B,14,21386427-3,MKT,,BMTB,SOR
AMD,US,B,10,21386427-3,MKT,,BMTB,SOR
SRE,US,SS,20,21386427-4,MKT,,BMTB,SOR
TPCO,US,SS,1,21386427-4,MKT,,BMTB,SOR
AA,US,B,15,21386427-3,MKT,,BMTB,SOR
WFC,US,SS,60,21386427-4,MKT,,BMTB,SOR
MPC,US,SS,49,21386427-4,MKT,,BMTB,SOR
FDX,US,B,2,21386427-3,MKT,,BMTB,SOR
DOCU,US,SS,48,21386427-4,MKT,,BMTB,SOR
WYND,US,SS,11,21386427-4,MKT,,BMTB,SOR
GPRO,US,B,11,21386427-3,MKT,,BMTB,SOR
GE,US,B,34,21386427-3,MKT,,BMTB,SOR
NTAP,US,B,6,21386427-3,MKT,,BMTB,SOR
TELL,US,B,3,21386427-3,MKT,,BMTB,SOR
RARX,US,SS,9,21386427-4,MKT,,BMTB,SOR
CYTK,US,B,1,21386427-3,MKT,,BMTB,SOR
PI,US,SS,9,21386427-4,MKT,,BMTB,SOR
AUB,US,SS,2,21386427-4,MKT,,BMTB,SOR
HON,US,B,2,21386427-3,MKT,,BMTB,SOR
OSTK,US,SS,237,21386427-4,MKT,,BMTB,SOR
LQDT,US,SS,2,21386427-4,MKT,,BMTB,SOR
LOW,US,B,3,21386427-3,MKT,,BMTB,SOR
VFC,US,B,3,21386427-3,MKT,,BMTB,SOR
NKE,US,SS,25,21386427-4,MKT,,BMTB,SOR
SKX,US,SS,50,21386427-4,MKT,,BMTB,SOR
RAD,US,B,22,21386427-3,MKT,,BMTB,SOR
CPB,US,SS,63,21386427-4,MKT,,BMTB,SOR
TSLA,US,B,1,21386427-3,MKT,,BMTB,SOR
GWRE,US,B,1,21386427-3,MKT,,BMTB,SOR
OKTA,US,B,3,21386427-3,MKT,,BMTB,SOR
WSC,US,SS,6,21386427-4,MKT,,BMTB,SOR
CAT,US,B,3,21386427-3,MKT,,BMTB,SOR
MDP,US,B,1,21386427-3,MKT,,BMTB,SOR
CARB,US,SS,26,21386427-4,MKT,,BMTB,SOR
C,US,B,4,21386427-3,MKT,,BMTB,SOR
CAH,US,SS,62,21386427-4,MKT,,BMTB,SOR
MAR,US,B,2,21386427-3,MKT,,BMTB,SOR
NTNX,US,B,14,21386427-3,MKT,,BMTB,SOR
JCP,US,B,41,21386427-3,MKT,,BMTB,SOR
PSX,US,SS,28,21386427-4,MKT,,BMTB,SOR
RLGY,US,SS,13,21386427-4,MKT,,BMTB,SOR
DBX,US,B,8,21386427-3,MKT,,BMTB,SOR
ORCL,US,B,34,21386427-3,MKT,,BMTB,SOR
VRTU,US,BS,5,21386427-4,MKT,,BMTB,SOR
HWC,US,BS,12,21386427-4,MKT,,BMTB,SOR
BXS,US,BS,11,21386427-4,MKT,,BMTB,SOR
WETF,US,BS,27,21386427-4,MKT,,BMTB,SOR
SHAK,US,BS,28,21386427-4,MKT,,BMTB,SOR
APD,US,BS,14,21386427-4,MKT,,BMTB,SOR
AKS,US,BS,475,21386427-4,MKT,,BMTB,SOR
TRIP,US,BS,16,21386427-4,MKT,,BMTB,SOR
LLY,US,BS,5,21386427-4,MKT,,BMTB,SOR
LGIH,US,BS,8,21386427-4,MKT,,BMTB,SOR
LNG,US,BS,38,21386427-4,MKT,,BMTB,SOR
SAM,US,BS,6,21386427-4,MKT,,BMTB,SOR
AAXN,US,BS,19,21386427-4,MKT,,BMTB,SOR
COWN,US,BS,5,21386427-4,MKT,,BMTB,SOR
NAV,US,BS,28,21386427-4,MKT,,BMTB,SOR
AKAM,US,BS,36,21386427-4,MKT,,BMTB,SOR
FITB,US,BS,119,21386427-4,MKT,,BMTB,SOR
WCC,US,BS,4,21386427-4,MKT,,BMTB,SOR
SFNC,US,BS,11,21386427-4,MKT,,BMTB,SOR
HPQ,US,BS,178,21386427-4,MKT,,BMTB,SOR
MGM,US,BS,115,21386427-4,MKT,,BMTB,SOR
SPG,US,BS,21,21386427-4,MKT,,BMTB,SOR
DLTR,US,BS,28,21386427-4,MKT,,BMTB,SOR
SPWR,US,BS,121,21386427-4,MKT,,BMTB,SOR
BLBD,US,BS,1,21386427-4,MKT,,BMTB,SOR
TIVO,US,BS,25,21386427-4,MKT,,BMTB,SOR
GIII,US,BS,25,21386427-4,MKT,,BMTB,SOR
TRHC,US,BS,9,21386427-4,MKT,,BMTB,SOR
VSH,US,BS,31,21386427-4,MKT,,BMTB,SOR
LM,US,BS,14,21386427-4,MKT,,BMTB,SOR
PMT,US,BS,29,21386427-4,MKT,,BMTB,SOR
IRET,US,BS,1,21386427-4,MKT,,BMTB,SOR
ETFC,US,BS,74,21386427-4,MKT,,BMTB,SOR
FSS,US,BS,15,21386427-4,MKT,,BMTB,SOR
SCHW,US,BS,77,21386427-4,MKT,,BMTB,SOR
AEO,US,BS,199,21386427-4,MKT,,BMTB,SOR
ITW,US,BS,21,21386427-4,MKT,,BMTB,SOR
VAC,US,BS,8,21386427-4,MKT,,BMTB,SOR
AEIS,US,BS,7,21386427-4,MKT,,BMTB,SOR
MOH,US,BS,15,21386427-4,MKT,,BMTB,SOR
AMAT,US,BS,64,21386427-4,MKT,,BMTB,SOR
BKI,US,BS,10,21386427-4,MKT,,BMTB,SOR
ADTN,US,BS,7,21386427-4,MKT,,BMTB,SOR
PEI,US,BS,85,21386427-4,MKT,,BMTB,SOR
ORA,US,BS,6,21386427-4,MKT,,BMTB,SOR
TTC,US,BS,8,21386427-4,MKT,,BMTB,SOR
CR,US,BS,3,21386427-4,MKT,,BMTB,SOR
FDEF,US,BS,5,21386427-4,MKT,,BMTB,SOR
PCTY,US,BS,10,21386427-4,MKT,,BMTB,SOR
AZZ,US,BS,3,21386427-4,MKT,,BMTB,SOR
LYV,US,BS,26,21386427-4,MKT,,BMTB,SOR
AAWW,US,BS,16,21386427-4,MKT,,BMTB,SOR
FL,US,BS,15,21386427-4,MKT,,BMTB,SOR
CDNA,US,BS,17,21386427-4,MKT,,BMTB,SOR
AROC,US,BS,31,21386427-4,MKT,,BMTB,SOR
GNRC,US,BS,26,21386427-4,MKT,,BMTB,SOR
EXTR,US,BS,30,21386427-4,MKT,,BMTB,SOR
WPX,US,BS,311,21386427-4,MKT,,BMTB,SOR
SNV,US,BS,30,21386427-4,MKT,,BMTB,SOR
UNVR,US,BS,50,21386427-4,MKT,,BMTB,SOR
GABC,US,BS,1,21386427-4,MKT,,BMTB,SOR
GKOS,US,BS,18,21386427-4,MKT,,BMTB,SOR
ENPH,US,BS,132,21386427-4,MKT,,BMTB,SOR
GNL,US,BS,37,21386427-4,MKT,,BMTB,SOR
DEA,US,BS,22,21386427-4,MKT,,BMTB,SOR
MSI,US,BS,19,21386427-4,MKT,,BMTB,SOR
LPSN,US,BS,26,21386427-4,MKT,,BMTB,SOR
PJT,US,BS,2,21386427-4,MKT,,BMTB,SOR
OKE,US,BS,44,21386427-4,MKT,,BMTB,SOR
CREE,US,BS,65,21386427-4,MKT,,BMTB,SOR
IFF,US,BS,26,21386427-4,MKT,,BMTB,SOR
CBT,US,BS,7,21386427-4,MKT,,BMTB,SOR
VRSK,US,BS,20,21386427-4,MKT,,BMTB,SOR
AJRD,US,BS,12,21386427-4,MKT,,BMTB,SOR
UCFC,US,BS,16,21386427-4,MKT,,BMTB,SOR
SMTC,US,BS,14,21386427-4,MKT,,BMTB,SOR
BRKS,US,BS,10,21386427-4,MKT,,BMTB,SOR
AWK,US,BS,26,21386427-4,MKT,,BMTB,SOR
LW,US,BS,8,21386427-4,MKT,,BMTB,SOR
WSM,US,BS,9,21386427-4,MKT,,BMTB,SOR
MDC,US,BS,15,21386427-4,MKT,,BMTB,SOR
CLR,US,BS,100,21386427-4,MKT,,BMTB,SOR
ENR,US,BS,14,21386427-4,MKT,,BMTB,SOR
EW,US,BS,14,21386427-4,MKT,,BMTB,SOR
VBTX,US,BS,9,21386427-4,MKT,,BMTB,SOR
ALXN,US,BS,32,21386427-4,MKT,,BMTB,SOR
IRT,US,BS,16,21386427-4,MKT,,BMTB,SOR
MAN,US,BS,9,21386427-4,MKT,,BMTB,SOR
AAL,US,BS,119,21386427-4,MKT,,BMTB,SOR
CMC,US,BS,41,21386427-4,MKT,,BMTB,SOR
VER,US,BS,66,21386427-4,MKT,,BMTB,SOR
CLF,US,BS,448,21386427-4,MKT,,BMTB,SOR
NOW,US,BS,12,21386427-4,MKT,,BMTB,SOR
WU,US,BS,142,21386427-4,MKT,,BMTB,SOR
LOGM,US,BS,10,21386427-4,MKT,,BMTB,SOR
DD,US,BS,46,21386427-4,MKT,,BMTB,SOR
FCX,US,BS,328,21386427-4,MKT,,BMTB,SOR
CCXI,US,BS,10,21386427-4,MKT,,BMTB,SOR
AEE,US,BS,41,21386427-4,MKT,,BMTB,SOR
FTV,US,BS,48,21386427-4,MKT,,BMTB,SOR
POR,US,BS,20,21386427-4,MKT,,BMTB,SOR
DDD,US,BS,42,21386427-4,MKT,,BMTB,SOR
SAVE,US,BS,17,21386427-4,MKT,,BMTB,SOR
ILMN,US,BS,11,21386427-4,MKT,,BMTB,SOR
EVOP,US,BS,7,21386427-4,MKT,,BMTB,SOR
CDW,US,BS,27,21386427-4,MKT,,BMTB,SOR
FLDM,US,BS,21,21386427-4,MKT,,BMTB,SOR
XELA,US,BS,4,21386427-4,MKT,,BMTB,SOR
SABR,US,BS,29,21386427-4,MKT,,BMTB,SOR
CF,US,BS,59,21386427-4,MKT,,BMTB,SOR
PAG,US,BS,4,21386427-4,MKT,,BMTB,SOR
DVA,US,BS,56,21386427-4,MKT,,BMTB,SOR
LNDC,US,BS,3,21386427-4,MKT,,BMTB,SOR
MDRX,US,BS,40,21386427-4,MKT,,BMTB,SOR
PXD,US,BS,25,21386427-4,MKT,,BMTB,SOR
MDR,US,BS,1351,21386427-4,MKT,,BMTB,SOR
MCK,US,BS,23,21386427-4,MKT,,BMTB,SOR
CXO,US,BS,46,21386427-4,MKT,,BMTB,SOR
ARE,US,BS,15,21386427-4,MKT,,BMTB,SOR
BBSI,US,BS,1,21386427-4,MKT,,BMTB,SOR
AJG,US,BS,18,21386427-4,MKT,,BMTB,SOR
AIMT,US,BS,120,21386427-4,MKT,,BMTB,SOR
FIS,US,BS,24,21386427-4,MKT,,BMTB,SOR
CDE,US,BS,344,21386427-4,MKT,,BMTB,SOR
CUTR,US,BS,2,21386427-4,MKT,,BMTB,SOR
PLOW,US,BS,1,21386427-4,MKT,,BMTB,SOR
JACK,US,BS,7,21386427-4,MKT,,BMTB,SOR
JNPR,US,BS,74,21386427-4,MKT,,BMTB,SOR
LAD,US,BS,6,21386427-4,MKT,,BMTB,SOR
